{"OpenedDocuments":"[\"test.xaml\",\"Main.xaml\"]","ProjectBreakpoints":"{\"Value\":{}}","ProjectWatches":"{\"Value\":[{\"Id\":\"9884fad4-9c7b-44cb-8021-77d13e0ec3c0\",\"Expression\":\"strFirstName\"},{\"Id\":\"fd62e142-796f-470f-86bf-d657fe34d0e6\",\"Expression\":\"strPDFtext\"},{\"Id\":\"f2acfe51-53f7-490f-8933-d8602dc939b3\",\"Expression\":\"strLastName\"},{\"Id\":\"d0c74021-32a8-4e87-9f10-9893b9e50e7c\",\"Expression\":\"strInternship\"},{\"Id\":\"9fc25973-fada-41b7-a0f3-be020d1700c6\",\"Expression\":\"strEducation\"},{\"Id\":\"fe8e872a-c8c9-4299-86f0-679d5ac9cd06\",\"Expression\":\"strGender\"},{\"Id\":\"9d59c589-400c-4f06-b6b9-72146c5be817\",\"Expression\":\"strUniversity\"},{\"Id\":\"698e69e6-02a5-45ec-9308-7e364553d448\",\"Expression\":\"strEmail\"},{\"Id\":\"b9488015-5f10-40ff-8196-b693d2d04f7f\",\"Expression\":\"strPhoneNumber\"}]}"}